{
    "reusePaths": {
        "amcQw_d": {
            "icPath": "csrc"
        },
        "reYIK_d": {
            "icPath": "csrc"
        },
        "w5ITf_d": {
            "icPath": "csrc"
        }
    },
    "Modules": {
        "...MASTER...": {
            "start_perf": [
                0.62902998924255371,
                0.15390999999999999,
                0.45036700000000002,
                275368,
                288352,
                1782051658.21736,
                36598002209577
            ],
            "child_modules": {
                "std": 1,
                "tb": 1
            },
            "end_perf": [
                0.64512896537780762,
                0.15678900000000001,
                0.45774199999999998,
                276812,
                288352,
                36598051644172,
                0,
                0
            ],
            "nQuads": 0,
            "nMops": 0,
            "nRouts": 5
        },
        "std": {
            "start_perf": [
                0.64534687995910645,
                0.15684500000000001,
                0.45790500000000001,
                276812,
                288352,
                1782051658.2336769,
                36598052247674
            ],
            "svclass": [
                "$vcs_nba_dyn_obj",
                0,
                35,
                2,
                2,
                0,
                "sigprop$$",
                0,
                35,
                2,
                2,
                0,
                "process",
                0,
                200,
                8,
                8,
                0,
                "event",
                0,
                34,
                2,
                2,
                0,
                "mailbox",
                0,
                140,
                9,
                9,
                0,
                "semaphore",
                0,
                84,
                5,
                5,
                0
            ],
            "child_modules": {},
            "Compiled": "Yes",
            "Compiled Times": 3,
            "end_perf": [
                0.65164089202880859,
                0.162101,
                0.45893699999999998,
                276828,
                288352,
                36598071673797,
                8589934594,
                0
            ],
            "nQuads": 218,
            "nMops": 528,
            "nRouts": 33
        },
        "rtslice": {
            "start_perf": [
                0.65172505378723145,
                0.162101,
                0.45902199999999999,
                276828,
                288352,
                1782051658.2400551,
                36598071825539
            ],
            "child_modules": {},
            "Compiled Times": 5,
            "Compiled": "Yes",
            "end_perf": [
                0.67338204383850098,
                0.181532,
                0.46065200000000001,
                278160,
                288352,
                36598138520182,
                17179869185,
                0
            ],
            "nQuads": 3070,
            "nMops": 10435,
            "nRouts": 245
        },
        "tb": {
            "start_perf": [
                0.67348694801330566,
                0.181562,
                0.460729,
                278160,
                288352,
                1782051658.261817,
                36598138700986
            ],
            "child_modules": {
                "rtslice": 16
            },
            "Compiled": "Yes",
            "Compiled Times": 3,
            "significant_routs": [
                [
                    63,
                    "R_VCSgd_g7hgQ_3f",
                    19490245,
                    117,
                    15
                ],
                [
                    92,
                    "R_VCSgd_g7hgQ_5c",
                    8791045,
                    164,
                    29
                ]
            ],
            "nMops": 1263,
            "end_perf": [
                0.70414996147155762,
                0.203155,
                0.46979700000000002,
                281024,
                288352,
                36598233089763,
                25769803777,
                0
            ],
            "nQuads": 441,
            "nRouts": 109
        }
    },
    "ObjArchives": [
        {
            "archive": "archive.4/_39371_archive_1.a",
            "objects": [
                [
                    "g7hgQ_d.o",
                    26658
                ],
                [
                    "amcQwB.o",
                    115602
                ]
            ],
            "size": 142260
        }
    ],
    "CompUnits": {
        "g7hgQ_d": {
            "mod": "tb",
            "text": 9330,
            "out": "g7hgQ_d.o",
            "bytes": 26658,
            "mode": 4,
            "archive": "archive.4/_39371_archive_1.a",
            "checksum": 0
        }
    },
    "stat": {
        "ru_self_end": {
            "ru_utime_sec": 0.21146899999999999,
            "ru_minflt": 30015,
            "ru_stime_sec": 0.48637900000000001,
            "ru_majflt": 40,
            "ru_maxrss_kb": 76792,
            "ru_nvcsw": 46,
            "ru_nivcsw": 28
        },
        "ru_childs_end": {
            "ru_utime_sec": 0.047600999999999997,
            "ru_minflt": 11101,
            "ru_stime_sec": 0.104756,
            "ru_majflt": 12,
            "ru_maxrss_kb": 18332,
            "ru_nvcsw": 38,
            "ru_nivcsw": 23
        },
        "peak_mem_kb": 288352,
        "cpu_cycles_end": 36598319844413
    }
}