{
    "cycles_program_begin": 73508607543362,
    "cpu_cycles_pass2_start": 73510083525289,
    "perf": [
        {
            "stat": [
                "main",
                "entry",
                0.059137105941772461,
                0.081724000000000005,
                0.103921,
                216432,
                216432,
                0.0,
                0.0,
                1783080651.6948891,
                73508608361042
            ],
            "sub": [
                {
                    "stat": [
                        "doParsingAndDesignResolution",
                        "entry",
                        0.12393593788146973,
                        0.092284000000000005,
                        0.14996200000000001,
                        272320,
                        273120,
                        0.0,
                        0.0,
                        1783080651.7596879,
                        73508807380663
                    ],
                    "sub": []
                },
                {
                    "stat": [
                        "doParsingAndDesignResolution",
                        "exit",
                        0.22934508323669434,
                        0.10094599999999999,
                        0.23727599999999999,
                        273280,
                        273928,
                        0.0,
                        0.0,
                        1783080651.865097,
                        73509131145408
                    ],
                    "sub": []
                },
                {
                    "stat": [
                        "doPostDesignResolutionToVir2Vcs",
                        "entry",
                        0.23157310485839844,
                        0.100989,
                        0.23946000000000001,
                        273444,
                        273928,
                        0.0,
                        0.0,
                        1783080651.8673251,
                        73509137944242
                    ],
                    "sub": [
                        {
                            "stat": [
                                "doUptoVir2VcsNoSepCleanup",
                                "entry",
                                0.25951695442199707,
                                0.110383,
                                0.25617299999999998,
                                274600,
                                274604,
                                0.0,
                                0.0,
                                1783080651.8952689,
                                73509223781512
                            ],
                            "sub": []
                        },
                        {
                            "stat": [
                                "doUptoVir2VcsNoSepCleanup",
                                "exit",
                                0.41375207901000977,
                                0.14927799999999999,
                                0.32152199999999997,
                                276160,
                                288516,
                                0.024733000000000002,
                                0.020208,
                                1783080652.049504,
                                73509697657566
                            ],
                            "sub": []
                        },
                        {
                            "stat": [
                                "doRadify_vir2vcsAll",
                                "entry",
                                0.41395306587219238,
                                0.14927799999999999,
                                0.32172499999999998,
                                276160,
                                288516,
                                0.024733000000000002,
                                0.020208,
                                1783080652.049705,
                                73509698119206
                            ],
                            "sub": []
                        },
                        {
                            "stat": [
                                "doRadify_vir2vcsAll",
                                "exit",
                                0.4463651180267334,
                                0.155135,
                                0.33857300000000001,
                                277052,
                                288516,
                                0.024733000000000002,
                                0.020208,
                                1783080652.0821171,
                                73509797788522
                            ],
                            "sub": []
                        }
                    ]
                },
                {
                    "stat": [
                        "doPostDesignResolutionToVir2Vcs",
                        "exit",
                        0.44647908210754395,
                        0.155172,
                        0.33865299999999998,
                        277052,
                        288516,
                        0.024733000000000002,
                        0.020208,
                        1783080652.082231,
                        73509798002038
                    ],
                    "sub": []
                },
                {
                    "stat": [
                        "doGAToPass2",
                        "entry",
                        0.4465489387512207,
                        0.155194,
                        0.33870099999999997,
                        277052,
                        288516,
                        0.024733000000000002,
                        0.020208,
                        1783080652.0823009,
                        73509798222230
                    ],
                    "sub": [
                        {
                            "stat": [
                                "DoPass2",
                                "entry",
                                0.53926992416381836,
                                0.15626300000000001,
                                0.342941,
                                275496,
                                288516,
                                0.056697999999999998,
                                0.074281,
                                1783080652.1750219,
                                73510083481777
                            ],
                            "sub": []
                        },
                        {
                            "stat": [
                                "DoPass2",
                                "exit",
                                0.65327906608581543,
                                0.23479700000000001,
                                0.36372599999999999,
                                281300,
                                288516,
                                0.058747000000000001,
                                0.081455,
                                1783080652.289031,
                                73510433388207
                            ],
                            "sub": []
                        }
                    ]
                },
                {
                    "stat": [
                        "doGAToPass2",
                        "exit",
                        0.65989995002746582,
                        0.239755,
                        0.36538999999999999,
                        281300,
                        288516,
                        0.058747000000000001,
                        0.081455,
                        1783080652.2956519,
                        73510453729620
                    ],