{
    "cycles_program_begin": 677777647228,
    "stat": {
        "peak_mem_kb": 288516,
        "ru_self_cgstart": {
            "ru_minflt": 26984,
            "ru_utime_sec": 0.15854299999999999,
            "ru_stime_sec": 0.41621200000000003,
            "ru_nvcsw": 98,
            "ru_maxrss_kb": 71684,
            "ru_majflt": 56,
            "ru_nivcsw": 17
        },
        "cpu_cycles_cgstart": 679016195352,
        "ru_childs_end": {
            "ru_minflt": 11103,
            "ru_utime_sec": 0.066068000000000002,
            "ru_stime_sec": 0.12226099999999999,
            "ru_nvcsw": 60,
            "ru_maxrss_kb": 19760,
            "ru_majflt": 12,
            "ru_nivcsw": 25
        },
        "ru_childs_cgstart": {
            "ru_minflt": 10517,
            "ru_utime_sec": 0.060568999999999998,
            "ru_stime_sec": 0.115663,
            "ru_nvcsw": 58,
            "ru_maxrss_kb": 19328,
            "ru_majflt": 11,
            "ru_nivcsw": 23
        },
        "nQuads": 4346,
        "CodeGen(%)": 21.86264126182607,
        "cpu_cycles_end": 679330236652,
        "nMops": 13797,
        "ru_self_end": {
            "ru_minflt": 30117,
            "ru_utime_sec": 0.21435100000000001,
            "ru_stime_sec": 0.44594400000000001,
            "ru_nvcsw": 109,
            "ru_maxrss_kb": 79016,
            "ru_majflt": 56,
            "ru_nivcsw": 18
        },
        "totalObjSize": 116768,
        "cpu_cycles_total": 1552589424,
        "outputSizePerQuad": 26.867924528301888,
        "mopSpeed": 225047.71070187722,
        "quadSpeed": 70889.131746782528,
        "Frontend(%)": 78.13735873817393,
        "mop/quad": 3.174643350207087,
        "realTime": 0.56822800636291504
    },
    "MlibObjs": {},
    "cpu_cycles_pass2_start": 679015988528,
    "CompileStrategy": "fullobj",
    "perf": [
        {
            "stat": [
                "main",
                "entry",
                0.062893152236938477,
                0.060464999999999998,
                0.336146,
                216432,
                216432,
                0.0,
                0.0,
                1783080970.292865,
                677778475956
            ],
            "sub": [
                {
                    "stat": [
                        "doParsingAndDesignResolution",
                        "entry",
                        0.11964201927185059,
                        0.069492999999999999,
                        0.35784100000000002,
                        272320,
                        273120,
                        0.0,
                        0.0,
                        1783080970.3496139,
                        677952559149
                    ],
                    "sub": []
                },
                {
                    "stat": [
                        "doParsingAndDesignResolution",
                        "exit",
                        0.14836406707763672,
                        0.086046999999999998,
                        0.36907099999999998,
                        273280,
                        273928,
                        0.0,
                        0.0,
                        1783080970.378336,
                        678040936906
                    ],
                    "sub": []
                },
                {
                    "stat": [
                        "doPostDesignResolutionToVir2Vcs",
                        "entry",
                        0.15431308746337891,
                        0.087178000000000005,
                        0.37258599999999997,
                        273444,
                        273928,
                        0.0,
                        0.0,
                        1783080970.384285,
                        678059208428
                    ],
                    "sub": [
                        {
                            "stat": [
                                "doUptoVir2VcsNoSepCleanup",
                                "entry",
                                0.17000818252563477,
                                0.096462000000000006,
                                0.37755100000000003,
                                274600,
                                274604,
                                0.0,
                                0.0,
                                1783080970.3999801,
                                678108370710
                            ],
                            "sub": []
                        },
                        {
                            "stat": [
                                "doUptoVir2VcsNoSepCleanup",
                                "exit",
                                0.30919909477233887,
                                0.146228,
                                0.40342299999999998,
                                276160,
                                288516,
                                0.023054000000000002,
                                0.035556999999999998,
                                1783080970.539171,
                                678535065132
                            ],
                            "sub": []
                        },
                        {
                            "stat": [
                                "doRadify_vir2vcsAll",
                                "entry",
                                0.30939722061157227,
                                0.14628099999999999,
                                0.40356999999999998,
                                276160,
                                288516,
                                0.023054000000000002,
                                0.035556999999999998,
                                1783080970.5393691,
                                678535566302
                            ],
                            "sub": []
                        },
                        {
                            "stat": [
                                "doRadify_vir2vcsAll",
                                "exit",
                                0.32904911041259766,
                                0.15698200000000001,
                                0.41129399999999999,
                                277052,
                                288516,
                                0.023054000000000002,
                                0.035556999999999998,
                                1783080970.559021,
                                678596037262
                            ],
                            "sub": []
                        }
                    ]
                },
                {
                    "stat": [
                        "doPostDesignResolutionToVir2Vcs",
                        "exit",
                        0.32916903495788574,
                        0.15701599999999999,
                        0.41138200000000003,
                        277052,
                        288516,
                        0.023054000000000002,
                        0.035556999999999998,
                        1783080970.5591409,
                        678596251930
                    ],
                    "sub": []
                },
                {
                    "stat": [
                        "doGAToPass2",
                        "entry",
                        0.32924103736877441,
                        0.15703600000000001,
                        0.41143400000000002,
                        277052,
                        288516,
                        0.023054000000000002,
                        0.035556999999999998,
                        1783080970.5592129,
                        678596476718
                    ],