{
    "Modules": {
        "tb": {
            "Compiled": "Yes",
            "start_perf": [
                0.53340721130371094,
                0.19423099999999999,
                0.43360799999999999,
                278336,
                288516,
                1783080970.7633791,
                679223699442
            ],
            "child_modules": {
                "rtslice": 16
            },
            "nRouts": 193,
            "Compiled Times": 18,
            "end_perf": [
                0.55065822601318359,
                0.21083399999999999,
                0.434255,
                278336,
                288516,
                679276787028,
                34359738369,
                0
            ],
            "nMops": 2834,
            "nQuads": 1058
        },
        "...MASTER...": {
            "start_perf": [
                0.46604609489440918,
                0.15867100000000001,
                0.41621200000000003,
                275496,
                288516,
                1783080970.696018,
                679016752712
            ],
            "child_modules": {
                "std": 1,
                "tb": 1
            },
            "end_perf": [
                0.48818516731262207,
                0.16156599999999999,
                0.42175200000000002,
                277016,
                288516,
                679084829028,
                0,
                0
            ],
            "nMops": 0,
            "nQuads": 0,
            "nRouts": 5
        },
        "std": {
            "Compiled": "Yes",
            "start_perf": [
                0.48840117454528809,
                0.16162599999999999,
                0.42190800000000001,
                277016,
                288516,
                1783080970.7183731,
                679085427152
            ],
            "child_modules": {},
            "nRouts": 33,
            "Compiled Times": 18,
            "end_perf": [
                0.49828004837036133,
                0.16650400000000001,
                0.42620799999999998,
                277032,
                288516,
                679115771189,
                8589934594,
                0
            ],
            "svclass": [
                "$vcs_nba_dyn_obj",
                0,
                35,
                2,
                2,
                0,
                "sigprop$$",
                0,
                35,
                2,
                2,
                0,
                "process",
                0,
                200,
                8,
                8,
                0,
                "event",
                0,
                34,
                2,
                2,
                0,
                "mailbox",
                0,
                140,
                9,
                9,
                0,
                "semaphore",
                0,
                84,
                5,
                5,
                0
            ],
            "nMops": 528,
            "nQuads": 218
        },
        "rtslice": {
            "Compiled": "Yes",
            "start_perf": [
                0.49836921691894531,
                0.16652900000000001,
                0.42627300000000001,
                277032,
                288516,
                1783080970.7283411,
                679115963171
            ],
            "child_modules": {},
            "nRouts": 245,
            "Compiled Times": 18,
            "end_perf": [
                0.53319716453552246,
                0.194165,
                0.43346200000000001,
                278336,
                288516,
                679223419824,
                17179869185,
                0
            ],
            "nMops": 10435,
            "nQuads": 3070
        }
    },
    "CompUnits": {},
    "reusePaths": {
        "amcQw_d": {
            "icPath": "csrc"
        },
        "reYIK_d": {
            "icPath": "csrc"
        },
        "g7hgQ_d": {
            "icPath": "csrc"
        },
        "w5ITf_d": {
            "icPath": "csrc"
        }
    },
    "ObjArchives": [
        {
            "size": 116768,
            "objects": [
                [
                    "amcQwB.o",
                    116768
                ]
            ],
            "archive": "archive.17/_4665_archive_1.a"
        }
    ],
    "stat": {
        "ru_self_end": {
            "ru_minflt": 30112,
            "ru_utime_sec": 0.21435100000000001,
            "ru_stime_sec": 0.44543199999999999,
            "ru_nvcsw": 109,
            "ru_maxrss_kb": 79016,
            "ru_majflt": 56,
            "ru_nivcsw": 18
        },
        "ru_childs_end": {
            "ru_minflt": 11103,
            "ru_utime_sec": 0.066068000000000002,
            "ru_stime_sec": 0.12226099999999999,
            "ru_nvcsw": 60,
            "ru_maxrss_kb": 19760,
            "ru_majflt": 12,
            "ru_nivcsw": 25
        },
        "cpu_cycles_end": 679328670142,
        "peak_mem_kb": 288516
    }
}