{
    "CompUnits": {
        "amcQw_d": {
            "checksum": 0,
            "mod": "...MASTER...",
            "out": "objs/amcQw_d.o",
            "mode": 4,
            "bytes": 7824,
            "text": 434
        },
        "reYIK_d": {
            "checksum": 0,
            "mod": "std",
            "out": "reYIK_d.o",
            "mode": 4,
            "cls": 7017,
            "bytes": 43000,
            "archive": "archive.0/_38649_archive_1.a",
            "text": 7325
        },
        "w5ITf_d": {
            "checksum": 0,
            "mod": "rtslice",
            "out": "w5ITf_d.o",
            "mode": 4,
            "bytes": 101672,
            "archive": "archive.0/_38649_archive_1.a",
            "text": 69515
        },
        "g7hgQ_d": {
            "checksum": 0,
            "mod": "tb",
            "out": "g7hgQ_d.o",
            "mode": 4,
            "bytes": 55586,
            "archive": "archive.0/_38649_archive_1.a",
            "text": 22610
        }
    },
    "Modules": {
        "...MASTER...": {
            "end_perf": [
                0.61724996566772461,
                0.24146999999999999,
                0.283779,
                277792,
                288296,
                38955677779334,
                0,
                0
            ],
            "start_perf": [
                0.60367608070373535,
                0.23241100000000001,
                0.27926400000000001,
                275368,
                288296,
                1782901948.3576541,
                38955636492442
            ],
            "child_modules": {
                "tb": 1,
                "std": 1
            },
            "nRouts": 5,
            "nQuads": 0,
            "nMops": 0
        },
        "tb": {
            "end_perf": [
                0.85049700736999512,
                0.40397100000000002,
                0.353995,
                284152,
                288296,
                38956394499606,
                34359738369,
                0
            ],
            "start_perf": [
                0.78306198120117188,
                0.35719299999999998,
                0.33338000000000001,
                284152,
                288296,
                1782901948.53704,
                38956187044494
            ],
            "significant_routs": [
                [
                    51,
                    "U_VCSgd_g7hgQ_51",
                    45958621,
                    535,
                    51
                ]
            ],
            "child_modules": {
                "rtslice": 16
            },
            "nQuads": 1019,
            "nRouts": 180,
            "Compiled": "Yes",
            "Compiled Times": 1,
            "nMops": 2611
        },
        "std": {
            "end_perf": [
                0.64560103416442871,
                0.26390400000000003,
                0.28967599999999999,
                281852,
                288296,
                38955764868998,
                8589934594,
                0
            ],
            "start_perf": [
                0.61759400367736816,
                0.24179500000000001,
                0.283779,
                277792,
                288296,
                1782901948.371572,
                38955678777314
            ],
            "child_modules": {},
            "svclass": [
                "$vcs_nba_dyn_obj",
                576,
                35,
                2,
                2,
                0,
                "sigprop$$",
                576,
                35,
                2,
                2,
                0,
                "process",
                2380,
                200,
                8,
                8,
                0,
                "event",
                597,
                34,
                2,
                2,
                0,
                "mailbox",
                1769,
                140,
                9,
                9,
                0,
                "semaphore",
                1119,
                84,
                5,
                5,
                0
            ],
            "nQuads": 218,
            "nRouts": 33,
            "Compiled": "Yes",
            "Compiled Times": 1,
            "nMops": 528
        },
        "rtslice": {
            "end_perf": [
                0.78289794921875,
                0.35710700000000001,
                0.33329999999999999,
                284152,
                288296,
                38956186766270,
                17179869185,
                0
            ],
            "start_perf": [
                0.64572501182556152,
                0.26396399999999998,
                0.289742,
                281852,
                288296,
                1782901948.399703,
                38955765144166
            ],
            "significant_routs": [
                [
                    1,
                    "R_VCSgd_w5ITf_1",
                    25127857,
                    11373,
                    1639
                ],
                [
                    90,
                    "R_VCSgd_w5ITf_5a",
                    18973408,
                    3079,
                    387
                ],
                [
                    92,
                    "R_VCSgd_w5ITf_5c",
                    26035608,
                    7475,
                    1364
                ],
                [
                    93,
                    "R_VCSgd_w5ITf_5d",
                    13780638,
                    5433,
                    909
                ]
            ],
            "child_modules": {},
            "nQuads": 3070,
            "nRouts": 245,
            "Compiled": "Yes",
            "Compiled Times": 1,
            "nMops": 10435
        }
    },
    "reusePaths": {},
    "ObjArchives": [
        {
            "archive": "archive.0/_38649_archive_1.a",
            "objects": [
                [
                    "reYIK_d.o",
                    43000
                ],
                [
                    "w5ITf_d.o",
                    101672
                ],
                [
                    "g7hgQ_d.o",
                    55586
                ],
                [
                    "amcQwB.o",
                    117028
                ]
            ],
            "size": 317286
        }
    ],
    "stat": {
        "ru_self_end": {
            "ru_utime_sec": 0.40975299999999998,
            "ru_stime_sec": 0.367114,
            "ru_nvcsw": 35,
            "ru_maxrss_kb": 82424,
            "ru_minflt": 31487,
            "ru_majflt": 5,
            "ru_nivcsw": 14
        },
        "peak_mem_kb": 288296,
        "ru_childs_end": {
            "ru_utime_sec": 0.071734999999999993,
            "ru_stime_sec": 0.16395299999999999,
            "ru_nvcsw": 34,
            "ru_maxrss_kb": 20048,
            "ru_minflt": 11071,
            "ru_majflt": 8,
            "ru_nivcsw": 24
        },
        "cpu_cycles_end": 38956454593091
    }
}