{
    "Modules": {
        "rt_interface": {
            "Compiled": "Yes",
            "start_perf": [
                0.46220111846923828,
                0.261245,
                0.11089599999999999,
                283976,
                291916,
                1783095028.669023,
                43865136166652
            ],
            "nRouts": 13,
            "nQuads": 42,
            "Compiled Times": 1,
            "child_modules": {},
            "end_perf": [
                0.46851611137390137,
                0.26524300000000001,
                0.111849,
                283976,
                291916,
                43865155664716,
                25769803777,
                0
            ],
            "nMops": 133
        },
        "...MASTER...": {
            "start_perf": [
                0.34933900833129883,
                0.17274300000000001,
                0.092615000000000003,
                275916,
                291916,
                1783095028.5561609,
                43864789474952
            ],
            "nRouts": 5,
            "nQuads": 0,
            "child_modules": {
                "_vcs_unit__2049218633": 1,
                "std": 1,
                "tb": 1
            },
            "end_perf": [
                0.36245608329772949,
                0.17473,
                0.097765000000000005,
                278332,
                291916,
                43864829919501,
                0,
                0
            ],
            "nMops": 0
        },
        "rtslice": {
            "start_perf": [
                0.37821316719055176,
                0.18662699999999999,
                0.101608,
                283032,
                291916,
                1783095028.5850351,
                43864878057031
            ],
            "Compiled": "Yes",
            "nRouts": 328,
            "Compiled Times": 9,
            "nQuads": 2851,
            "child_modules": {},
            "significant_routs": [
                [
                    117,
                    "R_VCSgd_w5ITf_75",
                    6054836,
                    184,
                    22
                ],
                [
                    156,
                    "R_VCSgd_w5ITf_9c",
                    24153224,
                    3079,
                    387
                ],
                [
                    158,
                    "R_VCSgd_w5ITf_9e",
                    15483460,
                    5299,
                    1076
                ],
                [
                    159,
                    "R_VCSgd_w5ITf_9f",
                    9311040,
                    3064,
                    554
                ]
            ],
            "end_perf": [
                0.46206402778625488,
                0.26114799999999999,
                0.11085399999999999,
                283976,
                291916,
                43865135898452,
                17179869185,
                0
            ],
            "nMops": 8745
        },
        "_vcs_unit__2049218633": {
            "start_perf": [
                0.3626701831817627,
                0.17486699999999999,
                0.097841999999999998,
                278332,
                291916,
                1783095028.5694921,
                43864830322273
            ],
            "Compiled": "Yes",
            "nRouts": 5,
            "Compiled Times": 1,
            "nQuads": 0,
            "child_modules": {},
            "end_perf": [
                0.36559605598449707,
                0.17682200000000001,
                0.098811999999999997,
                281368,
                291916,
                43864839335617,
                4294967297,
                0
            ],
            "svclass": [
                "_vcs_struct_rt_packet_t",
                0,
                0,
                0,
                0,
                0
            ],
            "nMops": 0
        },
        "router": {
            "Compiled": "Yes",
            "start_perf": [
                0.36924004554748535,
                0.17960000000000001,
                0.099662000000000001,
                281368,
                291916,
                1783095028.576062,
                43864850490635
            ],
            "nRouts": 57,
            "nQuads": 235,
            "Compiled Times": 1,
            "child_modules": {
                "rtslice": 16
            },
            "end_perf": [
                0.3781430721282959,
                0.186581,
                0.10158300000000001,
                283032,
                291916,
                43864877924581,
                12884901889,
                0
            ],
            "nMops": 595
        },
        "std": {
            "start_perf": [
                0.36565518379211426,
                0.17686099999999999,
                0.098834000000000005,
                281368,
                291916,
                1783095028.5724771,
                43864839470901
            ],
            "Compiled": "Yes",
            "nRouts": 33,
            "Compiled Times": 9,
            "nQuads": 218,
            "child_modules": {},
            "end_perf": [
                0.36917710304260254,
                0.179559,
                0.099640000000000006,
                281368,
                291916,
                43864850352033,
                8589934594,
                0
            ],
            "svclass": [
                "$vcs_nba_dyn_obj",
                0,
                35,
                2,
                2,
                0,
                "sigprop$$",
                0,
                35,
                2,
                2,
                0,
                "process",
                0,
                200,
                8,
                8,
                0,
                "event",
                0,
                34,
                2,
                2,
                0,
                "mailbox",
                0,
                140,
                9,
                9,
                0,
                "semaphore",
                0,
                84,
                5,
                5,
                0
            ],
            "nMops": 528
        },
        "tb": {
            "start_perf": [
                0.46862697601318359,
                0.26532099999999997,
                0.111882,
                283976,
                291916,
                1783095028.6754489,
                43865155904028
            ],
            "Compiled": "Yes",
            "nRouts": 138,
            "Compiled Times": 9,
            "nQuads": 1089,
            "child_modules": {
                "router": 1,
                "rt_interface": 1
            },
            "significant_routs": [
                [
                    25,
                    "T_VCSgd_g7hgQ_2_0",
                    8207766,
                    1124,
                    118
                ],
                [
                    39,
                    "U_VCSgd_g7hgQ_39",
                    5626312,
                    1422,
                    202
                ],
                [
                    50,
                    "U_VCSgd_g7hgQ_50",
                    5139292,
                    892,
                    127
                ],
                [
                    87,
                    "U_VCSgd_g7hgQ_87",
                    5328991,
                    946,
                    139
                ]
            ],
            "end_perf": [
                0.52032899856567383,
                0.31568400000000002,
                0.11297,
                283976,
                291916,
                43865314885982,
                42949672961,
                0
            ],
            "nMops": 2912
        }
    },
    "ObjArchives": [
        {
            "archive": "archive.8/_60655_archive_1.a",