{
    "reusePaths": {
        "w5ITf_d": {
            "icPath": "csrc"
        },
        "amcQw_d": {
            "icPath": "csrc"
        },
        "reYIK_d": {
            "icPath": "csrc"
        }
    },
    "Modules": {
        "rtslice": {
            "nRouts": 245,
            "nQuads": 3070,
            "start_perf": [
                0.76468205451965332,
                0.191492,
                0.38527800000000001,
                277012,
                288500,
                1782800740.4876671,
                19010354775705
            ],
            "nMops": 10435,
            "child_modules": {},
            "Compiled Times": 7,
            "Compiled": "Yes",
            "end_perf": [
                0.80995702743530273,
                0.22142400000000001,
                0.400617,
                278320,
                288500,
                19010494118261,
                17179869185,
                0
            ]
        },
        "...MASTER...": {
            "nRouts": 5,
            "nQuads": 0,
            "start_perf": [
                0.72179007530212402,
                0.18346599999999999,
                0.36179699999999998,
                275480,
                288500,
                1782800740.4447751,
                19010223216352
            ],
            "nMops": 0,
            "child_modules": {
                "std": 1,
                "tb": 1
            },
            "end_perf": [
                0.75071406364440918,
                0.18519099999999999,
                0.37843300000000002,
                276996,
                288500,
                19010312073096,
                0,
                0
            ]
        },
        "std": {
            "start_perf": [
                0.75261306762695312,
                0.18543299999999999,
                0.38007999999999997,
                276996,
                288500,
                1782800740.4755981,
                19010317778905
            ],
            "nQuads": 218,
            "child_modules": {},
            "nMops": 528,
            "Compiled": "Yes",
            "Compiled Times": 7,
            "end_perf": [
                0.76461291313171387,
                0.191469,
                0.38523099999999999,
                277012,
                288500,
                19010354623169,
                8589934594,
                0
            ],
            "svclass": [
                "$vcs_nba_dyn_obj",
                0,
                35,
                2,
                2,
                0,
                "sigprop$$",
                0,
                35,
                2,
                2,
                0,
                "process",
                0,
                200,
                8,
                8,
                0,
                "event",
                0,
                34,
                2,
                2,
                0,
                "mailbox",
                0,
                140,
                9,
                9,
                0,
                "semaphore",
                0,
                84,
                5,
                5,
                0
            ],
            "nRouts": 33
        },
        "tb": {
            "nRouts": 170,
            "nQuads": 1024,
            "start_perf": [
                0.81009006500244141,
                0.221472,
                0.400704,
                278320,
                288500,
                1782800740.5330751,
                19010494360901
            ],
            "nMops": 2645,
            "child_modules": {
                "rtslice": 16
            },
            "Compiled Times": 7,
            "Compiled": "Yes",
            "end_perf": [
                0.85920190811157227,
                0.26218599999999997,
                0.40910099999999999,
                281360,
                288500,
                19010645342040,
                34359738369,
                0
            ]
        }
    },
    "CompUnits": {
        "g7hgQ_d": {
            "out": "g7hgQ_d.o",
            "mod": "tb",
            "bytes": 53866,
            "text": 22082,
            "archive": "archive.6/_20895_archive_1.a",
            "mode": 4,
            "checksum": 0
        }
    },
    "ObjArchives": [
        {
            "archive": "archive.6/_20895_archive_1.a",
            "objects": [
                [
                    "g7hgQ_d.o",
                    53866
                ],
                [
                    "amcQwB.o",
                    116152
                ]
            ],
            "size": 170018
        }
    ],
    "stat": {
        "ru_self_end": {
            "ru_nvcsw": 63,
            "ru_minflt": 30806,
            "ru_utime_sec": 0.266125,
            "ru_stime_sec": 0.43376300000000001,
            "ru_maxrss_kb": 78292,
            "ru_nivcsw": 30,
            "ru_majflt": 36
        },
        "ru_childs_end": {
            "ru_nvcsw": 83,
            "ru_minflt": 11100,
            "ru_utime_sec": 0.066216999999999998,
            "ru_stime_sec": 0.141316,
            "ru_maxrss_kb": 18676,
            "ru_nivcsw": 24,
            "ru_majflt": 13
        },
        "cpu_cycles_end": 19010746162404,
        "peak_mem_kb": 288500
    }
}